<?xml version="1.0" encoding="UTF-8"?>
<Configuration status="DEBUG">
    <Appenders>
        <Console name="LogToConsole" target="SYSTEM_OUT">
            <EcsLayout serviceName="ead-authuser-service" serviceNodeName="ead-cluster-node"/>
        </Console>
        <File name="LogToFile" fileName="logs/ead-authuser-service.log">
            <EcsLayout serviceName="ead-authuser-service" serviceNodeName="ead-cluster-node"/>
        </File>
    </Appenders>
    <Loggers>
        <Root level="info">
            <AppenderRef ref="LogToFile"/>
            <AppenderRef ref="LogToConsole"/>
        </Root>
    </Loggers>
</Configuration>